Date,Open,High,Low,Close,Volume,Dividends,Stock Splits
2020-03-19 00:00:00-04:00,38.586591014545924,44.37457966672781,38.586591014545924,43.65108108520508,7000,0.0,0
2020-03-20 00:00:00-04:00,43.419557137352726,44.38422185089439,43.409912109375,43.409912109375,3600,0.0,0
2020-03-23 00:00:00-04:00,40.51591129302978,40.51591129302978,38.56728845115758,38.58658218383789,11900,0.0,0
2020-03-24 00:00:00-04:00,38.58658218383789,38.58658218383789,37.62191762924194,38.58658218383789,77800,0.0,0
2020-03-25 00:00:00-04:00,38.58658809686038,43.21697793250287,36.657258692017365,39.56089782714844,7000,0.0,0
2020-03-26 00:00:00-04:00,43.409912109375,45.82157389322917,42.686413574218754,43.409912109375,29100,0.0,0
2020-03-27 00:00:00-04:00,43.40990753649578,45.8215690663011,43.40026250953408,43.63660430908203,263200,0.0,0
2020-03-30 00:00:00-04:00,42.686412448883054,48.23323440551757,42.686412448883054,48.23323440551758,118100,0.0,0
2020-03-31 00:00:00-04:00,44.856907997131344,48.23323440551757,43.19768355601234,48.23323440551758,210300,0.0,0
2020-04-01 00:00:00-04:00,44.36493177139841,46.78623858194553,42.44524737331141,45.049842834472656,1206100,0.0,0
2020-04-02 00:00:00-04:00,43.433062644695546,46.94058509498856,41.67351661067004,42.445247650146484,9264200,0.0,0
2020-04-03 00:00:00-04:00,42.204084753190216,47.5579736258998,40.32298766821005,45.6479377746582,22551600,0.0,0
2020-04-06 00:00:00-04:00,45.33924210084037,46.159205645596145,43.12051396805662,44.31669616699219,10294200,0.0,0
2020-04-07 00:00:00-04:00,43.55461981011142,45.32960329600517,41.41306264780907,42.71535873413086,12146500,0.0,0
2020-04-08 00:00:00-04:00,40.71849569696302,43.60284474030021,39.80206350513927,42.532066345214844,22265800,0.0,0
2020-04-09 00:00:00-04:00,42.49347831687509,48.47440005461988,42.44524581897064,47.403621673583984,17355600,0.0,0
2020-04-13 00:00:00-04:00,46.834470838056205,46.95022957264471,44.104471627929065,44.374576568603516,8545100,0.0,0
2020-04-14 00:00:00-04:00,44.2877606869931,44.663979369071726,42.41631230541299,44.26846694946289,10152100,0.0,0
2020-04-15 00:00:00-04:00,42.62852734518981,43.26520583393326,41.28764414010159,42.975807189941406,7935500,0.0,0
2020-04-16 00:00:00-04:00,42.52242605753064,44.76720071839889,42.01115121231187,44.00800704956055,8740200,0.0,0
2020-04-17 00:00:00-04:00,45.339246926709706,46.844125383510715,44.297407145869556,44.519283294677734,7878100,0.0,0
2020-04-20 00:00:00-04:00,43.40991414535821,45.319949926165485,43.31344914144124,43.7861328125,5407500,0.0,0
2020-04-21 00:00:00-04:00,42.92758587016234,45.5321817038834,42.92758587016234,44.27811813354492,6939700,0.0,0
2020-04-22 00:00:00-04:00,45.63829278223527,47.79913986257396,44.37458057585309,45.38747787475586,6801900,0.0,0
2020-04-23 00:00:00-04:00,45.76369061420981,46.34249162407834,44.837613414304556,45.792633056640625,5174800,0.0,0
2020-04-24 00:00:00-04:00,46.32320513817059,46.786243810583734,44.67362917771673,46.159210205078125,6446900,0.0,0
2020-04-27 00:00:00-04:00,46.38107988742795,46.882702286029435,45.9276863072609,46.51613235473633,5541100,0.0,0
2020-04-28 00:00:00-04:00,47.33609667970968,49.14966735164198,46.93093927082155,48.098182678222656,5368200,0.0,0
2020-04-29 00:00:00-04:00,48.97603193942728,49.90210925672154,47.953485934974786,49.34260559082031,4343900,0.0,0
2020-04-30 00:00:00-04:00,49.16896519615471,49.77670136027312,48.71557157030728,49.111083984375,6123800,0.0,0
2020-05-01 00:00:00-04:00,48.551582235134376,48.74451225552164,46.602958854008094,47.953487396240234,3089700,0.0,0
2020-05-04 00:00:00-04:00,47.12387007309177,47.91489484864714,45.83121920183479,47.779842376708984,5676600,0.0,0
2020-05-05 00:00:00-04:00,47.7798439127234,48.850622374518835,46.265320548893236,46.39072799682617,4103600,0.0,0
2020-05-06 00:00:00-04:00,46.89235738859883,47.26857607880875,46.19779754211636,46.60295867919922,2931800,0.0,0
2020-05-07 00:00:00-04:00,47.287866824254955,51.40698577775666,47.25892805911759,49.97928237915039,4803200,0.0,0
2020-05-08 00:00:00-04:00,50.278325067523056,52.25588704260687,50.268680039309736,51.07899856567383,4289400,0.0,0
2020-05-11 00:00:00-04:00,50.16256735819373,50.54843473291067,49.255783811484136,49.97928237915039,3150600,0.0,0
2020-05-12 00:00:00-04:00,50.34585430597918,50.44232299338277,47.934192319451846,47.963134765625,3059800,0.0,0
2020-05-13 00:00:00-04:00,47.26857099269645,48.52263438509334,46.19296821727638,46.50648498535156,4567000,0.0,0
2020-05-14 00:00:00-04:00,45.927686843762785,46.6897728380809,45.56111322828383,46.30390548706055,4849900,0.0,0
2020-05-15 00:00:00-04:00,45.647933230469164,47.4807976292531,45.53217449704292,47.16245651245117,2981400,0.0,0
2020-05-18 00:00:00-04:00,48.34899340213019,50.49055019901618,48.34899340213019,50.28797149658203,4452600,0.0,0
2020-05-19 00:00:00-04:00,49.85387666772159,51.057779386084974,49.2509611736556,50.46161651611328,2050300,0.0,0
2020-05-20 00:00:00-04:00,50.69314050580273,52.76717154331805,50.620789901255996,51.300880432128906,4755100,0.0,0
2020-05-21 00:00:00-04:00,50.700524334364054,51.85280763512839,50.22605256711061,50.3809814453125,3813100,0.2,0
2020-05-22 00:00:00-04:00,50.79734711908331,51.049108823168275,49.30615454502735,50.07111740112305,2134300,0.0,0
2020-05-26 00:00:00-04:00,51.349286114241266,52.27886304568978,49.09313417115917,49.2771110534668,6247000,0.0,0
2020-05-27 00:00:00-04:00,49.95492388985761,50.98132993306909,49.160912991941466,50.719886779785156,5202300,0.0,0
2020-05-28 00:00:00-04:00,51.19435952859366,51.27182581542366,49.31584639851637,49.34489440917969,4260700,0.0,0
2020-05-29 00:00:00-04:00,48.84136737342938,51.19435192644224,48.58960936620862,50.981327056884766,7522700,0.0,0
2020-06-01 00:00:00-04:00,50.787664686795665,52.71459209885358,50.45844040668289,52.366004943847656,3073300,0.0,0
2020-06-02 00:00:00-04:00,52.4434735528172,53.01477446650949,51.60104803391355,52.43379211425781,2638100,0.0,0
2020-06-03 00:00:00-04:00,53.25684327928342,53.818462672341184,52.82110473187571,53.71194839477539,4134500,0.0,0
2020-06-04 00:00:00-04:00,53.547339818261044,54.86423703056214,52.95667236034992,53.64417266845703,3281300,0.0,0
2020-06-05 00:00:00-04:00,55.997158518327645,56.84829768032827,54.22515610819855,56.71370315551758,4615100,0.0,0
2020-06-08 00:00:00-04:00,56.820214923603956,59.37654300707154,56.510357197959124,59.318443298339844,5966500,0.0,0
2020-06-09 00:00:00-04:00,58.485702810064545,59.512105138295375,57.362467634211164,58.727779388427734,4610200,0.0,0
2020-06-10 00:00:00-04:00,58.689044351136914,59.02795007236561,57.14943721479236,57.15911865234375,2658300,0.0,0
2020-06-11 00:00:00-04:00,54.225155164930555,56.22954899784488,53.93950656699431,54.46723175048828,3293900,0.0,0
2020-06-12 00:00:00-04:00,55.90032573173457,57.11070868199851,53.35367897011645,54.26388931274414,4313000,0.0,0
2020-06-15 00:00:00-04:00,52.782376274647454,55.96810497790261,52.12393137039035,55.84222412109375,4464300,0.0,0
2020-06-16 00:00:00-04:00,57.614224502028684,57.90471565151513,55.55657362695624,56.016517639160156,3510300,0.0,0
2020-06-17 00:00:00-04:00,56.277963896743586,56.34574504558217,54.6705755072368,54.94170379638672,2441500,0.0,0
2020-06-18 00:00:00-04:00,54.65120229178739,55.851903642265015,54.45754400082224,55.66792678833008,2137500,0.0,0
2020-06-19 00:00:00-04:00,57.091341945820126,57.091341945820126,54.17674143531482,55.19346237182617,7096100,0.0,0
2020-06-22 00:00:00-04:00,55.077268579914325,56.33606615003961,54.8448734206963,55.251564025878906,2027000,0.0,0
2020-06-23 00:00:00-04:00,55.86159372278605,56.0358891666596,54.79645818248828,54.99980163574219,2386900,0.0,0
2020-06-24 00:00:00-04:00,54.37040302968927,55.16441394118082,53.49892583717631,53.77973556518555,3022000,0.0,0
2020-06-25 00:00:00-04:00,53.30526187361751,54.70930676837926,53.024452155906076,54.41881561279297,2942900,0.0,0
2020-06-26 00:00:00-04:00,54.44786975023628,54.68994635611167,52.716539608487174,54.02181625366211,6634300,0.0,0
2020-06-29 00:00:00-04:00,54.11863957292018,54.99979817537724,53.5763903983592,54.7770881652832,2257300,0.0,0
2020-06-30 00:00:00-04:00,54.19611117236186,55.29029476062398,53.75068741464717,55.05790328979492,2518100,0.0,0
2020-07-01 00:00:00-04:00,55.19346574760135,55.19346574760135,53.98308272682062,54.01213073730469,2400200,0.0,0
2020-07-02 00:00:00-04:00,54.64152747545797,55.42585694656343,54.00244543397056,54.70930862426758,3162900,0.0,0
2020-07-06 00:00:00-04:00,55.56142306831897,55.75508508987373,54.641531236280734,55.05790328979492,1999100,0.0,0
2020-07-07 00:00:00-04:00,54.6415299521903,55.493640610728924,54.34135364114485,55.019168853759766,2537900,0.0,0
2020-07-08 00:00:00-04:00,55.222511607140376,55.33871103214231,54.48660038443998,55.115997314453125,6694900,0.0,0
2020-07-09 00:00:00-04:00,55.05789860241534,56.1036675197057,54.292935713987205,54.331668853759766,2424200,0.0,0
2020-07-10 00:00:00-04:00,54.44786539428248,55.49363802102196,54.26388851830227,55.174095153808594,2137300,0.0,0
2020-07-13 00:00:00-04:00,54.76740542322019,56.10366545196486,54.67541514309962,55.086944580078125,2882500,0.0,0
2020-07-14 00:00:00-04:00,54.43818856311292,55.62920502627418,54.25420797776714,55.55173873901367,2755100,0.0,0
2020-07-15 00:00:00-04:00,56.171453833781115,57.13007881544606,56.02621008696851,56.35543441772461,2358400,0.0,0
2020-07-16 00:00:00-04:00,56.16176854389629,56.70402143201757,55.83060868681945,56.47162628173828,2628800,0.0,0
2020-07-17 00:00:00-04:00,56.86862754922149,57.15911869532099,56.30701182593519,56.694332122802734,2983100,0.0,0
2020-07-20 00:00:00-04:00,56.56845165585097,57.759471642397614,56.15208334968506,56.704017639160156,2407800,0.0,0
2020-07-21 00:00:00-04:00,56.52972975405784,57.07197898446298,56.25860144505942,56.587825775146484,2314000,0.0,0
2020-07-22 00:00:00-04:00,56.123032857187226,57.06229116017118,55.851908272323996,56.62655258178711,2034300,0.0,0
2020-07-23 00:00:00-04:00,56.645926086205314,57.58324526133898,56.49099720534531,57.18817901611328,2566500,0.0,0
2020-07-24 00:00:00-04:00,57.30436814151088,57.318892145260115,55.80349408876421,56.28764724731445,3142100,0.0,0
2020-07-27 00:00:00-04:00,56.02620624531487,56.58782200998012,55.77444452469601,56.47162628173828,2670300,0.0,0
2020-07-28 00:00:00-04:00,57.92408679198632,59.87038466535734,57.807891061780715,58.3695068359375,4473600,0.0,0
2020-07-29 00:00:00-04:00,59.02794960667073,62.320192417469976,59.02794960667073,62.2620964050293,4885400,0.0,0
2020-07-30 00:00:00-04:00,61.42935406281582,62.475123009381136,61.148548026092776,61.38093948364258,2307000,0.0,0
2020-07-31 00:00:00-04:00,61.42935261776723,61.42935261776723,60.20928825984224,60.75154113769531,3156100,0.0,0
2020-08-03 00:00:00-04:00,61.02266147496057,61.79730575088517,60.75153690183578,61.20663833618164,3200500,0.0,0
2020-08-04 00:00:00-04:00,60.596615747596495,60.906473497344734,60.00594825782774,60.62566375732422,1739400,0.0,0
2020-08-05 00:00:00-04:00,60.75154073438191,61.63269934642116,60.36421672508741,61.09044647216797,2645000,0.0,0
2020-08-06 00:00:00-04:00,60.89678157301139,61.506815565826024,60.87257613220319,61.468082427978516,1557400,0.0,0
2020-08-07 00:00:00-04:00,61.15822759173487,62.426710212488075,61.15822759173487,62.368614196777344,1169100,0.0,0
2020-08-10 00:00:00-04:00,62.25242081969384,63.23041237542616,62.25242081969384,63.14326095581055,1572700,0.0,0
2020-08-11 00:00:00-04:00,63.4434299887048,63.8598020225002,62.29115043420368,62.32988357543945,2787700,0.0,0
2020-08-12 00:00:00-04:00,62.910867394530534,63.39502058994777,62.184637601404674,62.84308624267578,1496600,0.0,0
2020-08-13 00:00:00-04:00,62.9011765579471,62.9011765579471,61.806993095062346,61.97160339355469,1436200,0.0,0
2020-08-14 00:00:00-04:00,61.690795876753846,62.46544390180459,61.5842815886196,62.03938674926758,1633900,0.0,0
2020-08-17 00:00:00-04:00,62.41702209888937,62.484803243177524,61.6907923868346,61.93286895751953,1785500,0.0,0
2020-08-18 00:00:00-04:00,61.82636147712432,62.35893294625729,61.366417419741204,61.43904113769531,1680200,0.0,0
2020-08-19 00:00:00-04:00,61.468087549420694,61.574601840478316,60.60629547638449,60.92583465576172,1549000,0.0,0
2020-08-20 00:00:00-04:00,60.3818478493306,61.440667404203055,60.04186144869103,61.168678283691406,1291500,0.2,0
2020-08-21 00:00:00-04:00,61.22696814789957,61.91666076624485,60.79955608341641,61.80980682373047,2649500,0.0,0
2020-08-24 00:00:00-04:00,61.79038151672671,62.39264854840612,61.23668715625417,61.974945068359375,3199900,0.0,0
2020-08-25 00:00:00-04:00,62.56749387286212,62.95604556117992,62.07693513796604,62.450923919677734,1604100,0.0,0
2020-08-26 00:00:00-04:00,62.44120835735484,62.936621398048906,61.924428975668334,62.34407043457031,1161900,0.0,0
2020-08-27 00:00:00-04:00,62.6257758320736,63.04832987389427,61.36296059771849,61.42124557495117,1341700,0.0,0
2020-08-28 00:00:00-04:00,61.46010070959809,61.80980315321501,60.85783744868791,61.77094650268555,1129900,0.0,0
2020-08-31 00:00:00-04:00,61.790377839757625,62.01379803283087,61.04240395569102,61.10068893432617,1736400,0.0,0
2020-09-01 00:00:00-04:00,60.73156452645798,62.44121665134657,60.54214295796555,62.21780014038086,2334100,0.0,0
2020-09-02 00:00:00-04:00,61.90694858025374,63.68459794341627,61.82923897534657,63.470890045166016,1827200,0.0,0
2020-09-03 00:00:00-04:00,63.024041705582476,63.577736003664135,59.313320530242244,60.080718994140625,3096800,0.0,0
2020-09-04 00:00:00-04:00,60.712128243058686,60.809266166017885,58.70134285209452,59.731021881103516,2697000,0.0,0
2020-09-08 00:00:00-04:00,59.67274061686417,59.98358643636374,58.73048714212045,58.895626068115234,2137900,0.0,0
2020-09-09 00:00:00-04:00,59.284182822351866,60.74127402360049,59.25504218411075,60.30414962768555,1888500,0.0,0
2020-09-10 00:00:00-04:00,60.207005983509745,60.207005983509745,58.021369254510034,58.18650817871094,3828900,0.0,0
2020-09-11 00:00:00-04:00,58.536205839858745,58.973333918538174,58.06508282205496,58.419639587402344,2273400,0.0,0
2020-09-14 00:00:00-04:00,58.83733620747156,58.83733620747156,57.377332578539,58.273929595947266,2420100,0.0,0
2020-09-15 00:00:00-04:00,58.312781156380986,59.8572977784344,58.312781156380986,58.57505798339844,1629400,0.0,0
2020-09-16 00:00:00-04:00,59.11904609427354,59.264752987346995,57.7008115838083,58.079654693603516,2457000,0.0,0
2020-09-17 00:00:00-04:00,57.069402381810946,59.34246468447541,56.379713472151586,59.29389572143555,2219900,0.0,0
2020-09-18 00:00:00-04:00,59.4104550069349,60.84811763665507,58.66248120599606,59.138465881347656,3806500,0.0,0
2020-09-21 00:00:00-04:00,58.28364434898605,58.49735223071611,56.991688453907855,57.71052169799805,2512100,0.0,0
2020-09-22 00:00:00-04:00,57.25396246658754,59.371601736316386,57.17625287153075,59.245323181152344,1841500,0.0,0
2020-09-23 00:00:00-04:00,59.031625414145395,60.003019604855886,58.4779310218864,58.681922912597656,1733700,0.0,0
2020-09-24 00:00:00-04:00,59.10933158175607,60.95498191890081,58.73048846232335,60.30414962768555,2374800,0.0,0
2020-09-25 00:00:00-04:00,59.84758780272929,60.566417322077456,59.4396003762668,59.789302825927734,1557600,0.0,0
2020-09-28 00:00:00-04:00,60.48870740994259,61.08125836815993,60.12929265214201,60.721839904785156,1233900,0.0,0
2020-09-29 00:00:00-04:00,60.634410948342826,60.96468505246431,60.10986101109315,60.624698638916016,1435400,0.0,0
2020-09-30 00:00:00-04:00,60.916119835994934,61.78065994547184,60.17786199026751,60.63441467285156,2494000,0.0,0
2020-10-01 00:00:00-04:00,61.07154681823612,62.38293109351855,59.99329876041762,60.58584976196289,2342500,0.0,0
2020-10-02 00:00:00-04:00,59.85729713484534,61.62523391522154,59.75044320214557,61.35324478149414,1447800,0.0,0
2020-10-05 00:00:00-04:00,61.91665688218658,62.78119326734222,61.42610186122253,62.69377136230469,1447700,0.0,0
2020-10-06 00:00:00-04:00,62.5869166525621,63.14061094439782,61.66894960527794,62.00408172607422,2107000,0.0,0
2020-10-07 00:00:00-04:00,62.78119117149428,63.74287656169249,62.533488371008815,63.18918228149414,1648100,0.0,0
2020-10-08 00:00:00-04:00,62.936622911489366,63.63602783019411,62.63549312027151,62.858909606933594,1213200,0.0,0
2020-10-09 00:00:00-04:00,63.16004043620465,63.79144807658761,62.46064291715375,63.4806022644043,1187000,0.0,0
2020-10-12 00:00:00-04:00,63.96630177486765,64.0974420571224,63.30575347212213,63.810882568359375,1185800,0.0,0
2020-10-13 00:00:00-04:00,63.29604334266008,63.91773497602043,62.767598784269794,63.26689529418945,1415900,0.0,0
2020-10-14 00:00:00-04:00,63.6263079917122,64.11200499928253,62.68405461124207,63.73316192626953,1633600,0.0,0
2020-10-15 00:00:00-04:00,62.8200508027161,63.56316665059684,62.17893458996434,63.33488845825195,982100,0.0,0
2020-10-16 00:00:00-04:00,63.432034572655546,63.92744020324702,62.956046151054124,63.16975402832031,1047500,0.0,0
2020-10-19 00:00:00-04:00,63.04347841516578,63.568032117196786,62.24693555159621,62.518924713134766,910500,0.0,0
2020-10-20 00:00:00-04:00,62.829762698685045,63.859437942244085,62.49948489286648,62.548057556152344,720000,0.0,0
2020-10-21 00:00:00-04:00,62.41206973304782,62.97548007896348,61.88751603972795,61.89723205566406,1082600,0.0,0
2020-10-22 00:00:00-04:00,62.15951100936591,62.15951100936591,61.17840087872455,61.430965423583984,4980300,0.0,0
2020-10-23 00:00:00-04:00,61.65437705472449,62.18863929667475,61.31438693860984,61.63494873046875,2308600,0.0,0
2020-10-26 00:00:00-04:00,62.01380046665154,62.06236943129982,59.614455816166604,61.40182113647461,3026000,0.0,0
2020-10-27 00:00:00-04:00,61.110397556581404,61.43095936136706,60.09043457825505,60.197288513183594,1973200,0.0,0
2020-10-28 00:00:00-04:00,59.26475265461487,59.50760118061498,57.088831936775534,57.30253982543945,2570900,0.0,0
2020-10-29 00:00:00-04:00,57.205398005001356,59.439603695796045,57.11797238770366,59.051048278808594,2122600,0.0,0
2020-10-30 00:00:00-04:00,58.62363035303811,59.54645545610001,58.08936435828888,59.52702713012695,2036100,0.0,0
2020-11-02 00:00:00-05:00,60.41099953783628,60.97440991123257,59.34246747835476,60.362430572509766,1819100,0.0,0
2020-11-03 00:00:00-05:00,61.129826493823515,62.02350722113216,60.30414305204601,60.91611862182617,1545600,0.0,0
2020-11-04 00:00:00-05:00,60.88697590950851,61.82437126300596,60.17785873775212,60.517845153808594,2042700,0.0,0
2020-11-05 00:00:00-05:00,61.508677687135425,62.12065704323164,60.79956039762853,60.838417053222656,1495700,0.0,0
2020-11-06 00:00:00-05:00,61.16868333151308,61.98465446595825,60.877262157688676,61.761234283447266,1145800,0.0,0
2020-11-09 00:00:00-05:00,65.08340442086768,65.36510959799735,61.6155277951868,61.68352508544922,2420100,0.0,0
2020-11-10 00:00:00-05:00,61.56695678718713,64.03235317151915,61.50867180936566,63.85944366455078,2174600,0.0,0
2020-11-11 00:00:00-05:00,63.976004534976255,64.43256086580662,62.88804067025598,64.22856903076172,1319500,0.0,0
2020-11-12 00:00:00-05:00,64.28686217341581,64.55885133706613,63.54860057840145,64.102294921875,1774700,0.0,0
2020-11-13 00:00:00-05:00,64.34514534020995,64.83084240705273,63.36404260121488,63.694313049316406,1438500,0.0,0
2020-11-16 00:00:00-05:00,64.3257204036843,65.70509828809246,63.801166684722936,65.46224975585938,2338900,0.0,0
2020-11-17 00:00:00-05:00,65.23883782668625,66.00623272049067,64.40829252736053,65.2776870727539,1465000,0.0,0
2020-11-18 00:00:00-05:00,65.38452431682995,66.03536389494514,64.60741360454193,64.7239761352539,2182800,0.0,0
2020-11-19 00:00:00-05:00,64.91884573979384,65.46446921136963,63.91529876963515,64.46092224121094,1809900,0.2,0
2020-11-20 00:00:00-05:00,64.39270949273305,65.02601803782306,64.30502439116984,64.61680603027344,1811200,0.0,0
2020-11-23 00:00:00-05:00,64.92859894572152,65.79574201237341,64.84091382892976,65.52293395996094,1885500,0.0,0
2020-11-24 00:00:00-05:00,66.29263832044305,66.29263832044305,65.16242517835214,65.66907501220703,4738800,0.0,0
2020-11-25 00:00:00-05:00,65.70805371373291,65.73728208458147,64.71424450411239,65.64958953857422,1125400,0.0,0
2020-11-27 00:00:00-05:00,65.81522440937837,66.45827082003721,65.18191583262849,65.61061096191406,1645000,0.0,0
2020-11-30 00:00:00-05:00,65.12345604652528,65.9613706936939,64.67527035232418,65.22089385986328,1831000,0.0,0
2020-12-01 00:00:00-05:00,65.68855285501343,66.40955391213149,65.05524433012232,65.11370849609375,2928100,0.0,0
2020-12-02 00:00:00-05:00,65.20141397324063,65.54242407523674,63.87633977680196,64.00300598144531,1379600,0.0,0
2020-12-03 00:00:00-05:00,64.08092873633001,65.13319457034716,63.681461990160614,63.80812072753906,1061900,0.0,0
2020-12-04 00:00:00-05:00,63.96401296672898,64.3469179486281,63.21378353606075,63.48659896850586,2054300,0.0,0
2020-12-07 00:00:00-05:00,63.31121739742024,63.6327368428169,62.36612729297127,63.18455123901367,1917600,0.0,0
2020-12-08 00:00:00-05:00,63.11635545223554,64.45117456235022,63.018925082426314,64.41220092773438,2641500,0.0,0
2020-12-09 00:00:00-05:00,64.06144563575668,64.50963128355049,63.515829618174784,63.80812072753906,1668600,0.0,0
2020-12-10 00:00:00-05:00,63.53531654920971,64.44143316644295,62.21024262651463,62.35639190673828,2056600,0.0,0
2020-12-11 00:00:00-05:00,61.70359376058421,62.23946820414966,61.333351681669996,62.093318939208984,2023900,0.0,0
2020-12-14 00:00:00-05:00,62.83380471618095,62.83380471618095,60.91439959289599,61.167720794677734,1377800,0.0,0
2020-12-15 00:00:00-05:00,61.48925094335071,63.90555704625502,61.34310165833327,63.067649841308594,2041100,0.0,0
2020-12-16 00:00:00-05:00,63.26251208085919,63.65224103888076,62.68766019524851,63.56454849243164,1760600,0.0,0
2020-12-17 00:00:00-05:00,64.06145208168589,64.61681342216585,63.817872415976055,64.10042572021484,1873700,0.0,0
2020-12-18 00:00:00-05:00,64.29528724838596,64.49989327801399,62.88252814375657,63.925048828125,4028700,0.0,0
2020-12-21 00:00:00-05:00,63.27224735250501,64.77269877207875,62.94097518881346,64.451171875,2201300,0.0,0
2020-12-22 00:00:00-05:00,64.14912482644219,64.29527408438534,63.423262319975926,63.73017501831055,1151500,0.0,0
2020-12-23 00:00:00-05:00,63.80812266382856,64.538861609605,63.623007185651986,63.94452667236328,972500,0.0,0
2020-12-24 00:00:00-05:00,63.769153509449495,64.28554864486199,63.613266388795175,64.10042572021484,992100,0.0,0
2020-12-28 00:00:00-05:00,64.4804161270837,64.88962822411187,63.85685271252772,64.30503845214844,786400,0.0,0
2020-12-29 00:00:00-05:00,64.60707889542051,64.88963224663522,63.457382384788815,64.00300598144531,1008400,0.0,0
2020-12-30 00:00:00-05:00,64.10042179285102,65.11371403213599,64.10042179285102,65.00653839111328,1082200,0.0,0
2020-12-31 00:00:00-05:00,65.14294148838783,65.95162770170023,64.86038820541864,65.81522369384766,1238200,0.0,0
2021-01-04 00:00:00-05:00,65.81522679184609,66.27315030635708,63.866589521129235,63.905555725097656,2569600,0.0,0
2021-01-05 00:00:00-05:00,64.12964930718117,64.7142389745867,63.095900196935055,63.428138732910156,1366100,0.0,0
2021-01-06 00:00:00-05:00,64.12965443580492,65.60087770597765,63.57429309233676,65.19166564941406,1596000,0.0,0
2021-01-07 00:00:00-05:00,65.57164549943671,66.20982300034392,65.12832874736216,66.03931427001953,1542500,0.0,0
2021-01-08 00:00:00-05:00,65.73727175441289,66.224431014566,64.1588730754711,65.11370849609375,1914000,0.0,0
2021-01-11 00:00:00-05:00,64.5193805939897,65.07474191339305,64.11990638932457,64.6557846069336,1506200,0.0,0
2021-01-12 00:00:00-05:00,64.56809443698496,65.0844895717684,63.39891501638661,63.5548095703125,1722000,0.0,0
2021-01-13 00:00:00-05:00,63.51582972194646,63.851970816706185,62.21023897757862,62.3271598815918,3172600,0.0,0
2021-01-14 00:00:00-05:00,62.55125379720356,63.69121225693926,62.161528570727384,63.272254943847656,3088300,0.0,0
2021-01-15 00:00:00-05:00,63.145584921103875,64.00299003068415,61.87897150784211,63.84709548950195,1841100,0.0,0
2021-01-19 00:00:00-05:00,64.30501820865746,64.74345854124161,63.25275249030359,63.691200256347656,2489200,0.0,0
2021-01-20 00:00:00-05:00,64.11017362651423,64.79219374518408,63.223540038781636,63.515838623046875,1737200,0.0,0
2021-01-21 00:00:00-05:00,63.56454702676215,63.56454702676215,61.82051945749289,61.88872146606445,3945600,0.0,0
2021-01-22 00:00:00-05:00,61.88872066088192,63.53531782983523,61.57693899240237,63.21379089355469,3546500,0.0,0
2021-01-25 00:00:00-05:00,62.35638847136969,62.9507233936643,60.40775133163939,62.57073974609375,4500200,0.0,0
2021-01-26 00:00:00-05:00,62.94098237607474,63.4183964261724,60.67082188771822,61.87897491455078,2742100,0.0,0
2021-01-27 00:00:00-05:00,61.07029663936628,61.39181987885622,59.70624896762544,60.641597747802734,3241300,0.0,0
2021-01-28 00:00:00-05:00,60.992342607955806,63.15533107989931,60.72927985782312,62.190757751464844,3235000,0.0,0
2021-01-29 00:00:00-05:00,63.437889832746485,64.29528759487418,61.820520973042264,62.98970413208008,10353200,0.0,0
2021-02-01 00:00:00-05:00,64.29528287561672,64.31477341051948,61.38207231838318,62.892269134521484,3731500,0.0,0
2021-02-02 00:00:00-05:00,63.37943947696937,65.06500680002908,62.84356117572937,62.97996520996094,4327800,0.0,0
2021-02-03 00:00:00-05:00,62.979953812397106,63.2040503614867,61.33335671372524,62.40510940551758,3542100,0.0,0
2021-02-04 00:00:00-05:00,62.24922061822199,62.48305502286141,61.38207757728333,61.66463088989258,2303900,0.0,0
2021-02-05 00:00:00-05:00,61.128754872006546,62.55125551868759,61.021579223838536,62.28819274902344,3697900,0.0,0
2021-02-08 00:00:00-05:00,62.11280575564976,62.87277301318875,61.52821612934749,62.093318939208984,1787100,0.0,0
2021-02-09 00:00:00-05:00,61.90820473625334,62.934163589814105,61.58667781422146,62.70714569091797,2819100,0.0,0
2021-02-10 00:00:00-05:00,63.27225830582816,64.20760335914746,62.9409860847887,63.63275146484375,1934100,0.0,0
2021-02-11 00:00:00-05:00,63.5643396976056,63.72657376155439,61.458230918305716,61.990867614746094,4298900,0.2,0
2021-02-12 00:00:00-05:00,61.463114126771885,63.07567944842357,61.463114126771885,62.47951889038086,2021600,0.0,0
2021-02-16 00:00:00-05:00,62.850901177482754,62.880219329941326,61.16015643114751,61.75631332397461,3228400,0.0,0
2021-02-17 00:00:00-05:00,61.87359021171148,61.93222651361652,61.198266140012414,61.26765441894531,2178600,0.0,0
2021-02-18 00:00:00-05:00,61.042868135003154,62.13745956908219,60.89627366432713,61.62925720214844,2258400,0.0,0
2021-02-19 00:00:00-05:00,61.88336435182537,62.01530349309021,61.511984935123,61.609718322753906,3852700,0.0,0
2021-02-22 00:00:00-05:00,61.42401934025829,62.15211900971879,61.101508520352205,61.7953987121582,2560000,0.0,0
2021-02-23 00:00:00-05:00,61.41424786674778,62.12768473372188,61.14060187068842,61.7953987121582,2571200,0.0,0
2021-02-24 00:00:00-05:00,61.658573465356405,62.94862788237197,61.59993344199076,62.889984130859375,2257300,0.0,0
2021-02-25 00:00:00-05:00,62.82158119267824,63.43729220152998,62.55771037195244,62.99749755859375,2431700,0.0,0
2021-02-26 00:00:00-05:00,63.417738908827616,63.417738908827616,62.1472347791769,62.26451110839844,3278300,0.0,0
2021-03-01 00:00:00-05:00,62.66520546130425,64.25822025249971,62.616336912054805,63.456825256347656,1896000,0.0,0
2021-03-02 00:00:00-05:00,63.261365650162084,64.35106569497937,62.87043962703624,63.92593765258789,2657500,0.0,0
2021-03-03 00:00:00-05:00,64.02368153977632,66.11512765411545,63.59366207302778,65.47987365722656,3210800,0.0,0
2021-03-04 00:00:00-05:00,65.31372330313238,65.38213480356315,61.902904842718605,62.49906539916992,3634400,0.0,0
2021-03-05 00:00:00-05:00,63.05612840349192,63.63274600819386,61.33606197561411,63.398193359375,2168000,0.0,0
2021-03-08 00:00:00-05:00,63.49592938802959,64.82507362537096,63.12454624576669,63.740257263183594,1636700,0.0,0
2021-03-09 00:00:00-05:00,64.19958395843538,65.13780194493336,63.44705005523902,63.456825256347656,2547300,0.0,0
2021-03-10 00:00:00-05:00,63.202733239601805,64.98633121002536,63.14409693531551,64.74688720703125,1814900,0.0,0
2021-03-11 00:00:00-05:00,64.60029293760535,66.10535364204993,64.39505840376684,65.7730712890625,2214700,0.0,0
2021-03-12 00:00:00-05:00,66.1151212346061,66.1151212346061,64.49278064488317,64.50255584716797,1938200,0.0,0
2021-03-15 00:00:00-04:00,64.44391984927557,65.12803488653755,64.02855949760566,65.09871673583984,1495700,0.0,0
2021-03-16 00:00:00-04:00,65.59715876140073,66.42787214894912,65.06940959069689,66.16399383544922,2371800,0.0,0
2021-03-17 00:00:00-04:00,66.44740729677065,67.0924364706414,65.83170373140817,67.0240249633789,1729500,0.0,0
2021-03-18 00:00:00-04:00,66.60377502441406,67.08265553432214,65.92942775596585,66.60377502441406,2752800,0.0,0
2021-03-19 00:00:00-04:00,66.34967775708083,66.34967775708083,65.01075830533175,65.34304809570312,3149000,0.0,0
2021-03-22 00:00:00-04:00,65.29417224696823,65.42122750099458,64.15071969849667,65.30394744873047,1391500,0.0,0
2021-03-23 00:00:00-04:00,64.91303150671231,66.17376430378826,64.69802177222402,65.44078063964844,1364500,0.0,0
2021-03-24 00:00:00-04:00,65.36258252767955,66.4180806094883,65.36258252767955,65.64600372314453,1378000,0.0,0
2021-03-25 00:00:00-04:00,65.88056350979221,66.59399663955551,65.24530962341396,66.32035064697266,1738900,0.0,0
2021-03-26 00:00:00-04:00,66.61355559808715,67.80586936800442,66.08580649191309,67.47358703613281,1989400,0.0,0
2021-03-29 00:00:00-04:00,68.24565820660486,69.06659621988427,67.92314364869036,68.32384490966797,2038300,0.0,0
2021-03-30 00:00:00-04:00,68.48022182390798,68.89069089626813,67.84496780832457,68.15770721435547,2604800,0.0,0
2021-03-31 00:00:00-04:00,68.431343688059,68.431343688059,66.72104866955786,66.89696502685547,3783100,0.0,0
2021-04-01 00:00:00-04:00,67.32699068256774,68.05997432982139,66.76992340890678,67.6885986328125,1579200,0.0,0
2021-04-05 00:00:00-04:00,67.51268065240819,68.11860901435439,67.35630723236073,67.6592788696289,1126600,0.0,0
2021-04-06 00:00:00-04:00,67.92315097709212,68.86625301955091,67.32699035042985,68.1381607055664,1972800,0.0,0
2021-04-07 00:00:00-04:00,68.27497870157579,68.67567252002371,67.83519153025335,68.0501937866211,7225700,0.0,0
2021-04-08 00:00:00-04:00,67.91336142863113,68.06484348997789,67.3562942753885,67.8351821899414,1881700,0.0,0
2021-04-09 00:00:00-04:00,68.09906761204928,69.3402499726187,67.87428267969825,69.14479064941406,3557700,0.0,0
2021-04-12 00:00:00-04:00,69.01773232768646,69.49172894340634,68.72453593122056,69.04705047607422,1986000,0.0,0
2021-04-13 00:00:00-04:00,68.85158909033555,69.61878216229084,68.59944702952187,69.50639343261719,1513400,0.0,0
2021-04-14 00:00:00-04:00,69.38911981172735,69.46241519520751,68.47044457186743,68.802734375,3099700,0.0,0
2021-04-15 00:00:00-04:00,69.03728764345732,69.62367308515373,68.51931371235389,69.35980224609375,1495600,0.0,0
2021-04-16 00:00:00-04:00,69.78981563411311,69.78981563411311,68.26520467101733,68.97864532470703,2548500,0.0,0
2021-04-19 00:00:00-04:00,69.10569476361098,69.76538300379264,68.75386202968677,69.4184341430664,2641300,0.0,0
2021-04-20 00:00:00-04:00,70.01459214085861,70.06346069619708,68.73431651897307,68.87113952636719,3682300,0.0,0
2021-04-21 00:00:00-04:00,68.85158975559595,69.4673007508327,68.24566141907057,69.42820739746094,3080300,0.0,0
2021-04-22 00:00:00-04:00,69.61389393234666,70.122092576873,69.00795818330496,69.34024047851562,2415600,0.0,0
2021-04-23 00:00:00-04:00,69.45752336700019,70.34688035161294,69.13500880403329,69.66275787353516,2574700,0.0,0
2021-04-26 00:00:00-04:00,74.7056994163124,75.1357114403973,72.8585811301988,74.53955078125,6077800,0.0,0
2021-04-27 00:00:00-04:00,74.76432486425472,77.46170651574717,74.39294920278981,77.20760345458984,6143800,0.0,0
2021-04-28 00:00:00-04:00,77.38353657543597,77.69627600449782,76.22053332847337,76.23030853271484,3492300,0.0,0
2021-04-29 00:00:00-04:00,76.24983586107719,77.32488441847421,76.24983586107719,76.9046401977539,2492200,0.0,0
2021-04-30 00:00:00-04:00,76.47462427903106,76.88509331632146,75.7905092168804,76.1032485961914,3659500,0.0,0
2021-05-03 00:00:00-04:00,76.70917026794449,77.30533082287562,76.14233531851832,76.6212158203125,2739900,0.0,0
2021-05-04 00:00:00-04:00,76.60166258807213,77.754890304305,76.60166258807213,76.93395233154297,3402100,0.0,0
2021-05-05 00:00:00-04:00,77.10009541893118,77.44215291620576,75.99573622593202,76.28892517089844,2075500,0.0,0
2021-05-06 00:00:00-04:00,76.65054957570845,77.08936004124548,75.93710882238258,76.58213806152344,2983500,0.0,0
2021-05-07 00:00:00-04:00,76.30848025079098,77.1587364452239,76.14233909283222,76.41598510742188,2780700,0.0,0
2021-05-10 00:00:00-04:00,76.88510134332805,77.30534562717948,76.25962251940439,76.4746322631836,4867400,0.0,0
2021-05-11 00:00:00-04:00,76.02505839288608,76.3377977578224,75.10638324625678,75.85891723632812,2939200,0.0,0
2021-05-12 00:00:00-04:00,75.99573222425258,76.19119151060461,74.38316701481982,74.4027099609375,2392700,0.0,0
2021-05-13 00:00:00-04:00,74.26590453201007,75.76608137937451,74.09976335369154,75.39958953857422,2658300,0.0,0
2021-05-14 00:00:00-04:00,75.88823549528196,77.63762388349774,75.65368283531792,77.09032440185547,3255300,0.0,0
2021-05-17 00:00:00-04:00,76.94374591149077,77.38353315104565,76.32803482855894,77.21739196777344,2234000,0.0,0
2021-05-18 00:00:00-04:00,77.74513128884377,77.88195429966747,76.78736275678303,76.81668090820312,2941000,0.0,0
2021-05-19 00:00:00-04:00,76.17166366572009,76.23029997199174,75.2823065870251,75.71232604980469,5465700,0.0,0
2021-05-20 00:00:00-04:00,75.60447828318048,76.32993407193099,75.34958558138933,75.83975982666016,6751500,0.24,0
2021-05-21 00:00:00-04:00,76.0946518245512,76.76128909113153,75.76132945152835,76.0456314086914,2245000,0.0,0
2021-05-24 00:00:00-04:00,76.07504386009239,76.79070157257621,75.69270853462446,76.5946273803711,1547500,0.0,0
2021-05-25 00:00:00-04:00,76.74168637934366,77.06520320890837,76.13387504079122,76.16328430175781,2288600,0.0,0
2021-05-26 00:00:00-04:00,76.24170684814453,76.69267378321855,76.02603644026216,76.24170684814453,1890100,0.0,0
2021-05-27 00:00:00-04:00,76.6142381197595,77.53576063994726,76.16327869935579,77.1632308959961,2818900,0.0,0
2021-05-28 00:00:00-04:00,76.93774895249535,77.16322490545966,76.30052096985419,76.79069519042969,1915000,0.0,0
2021-06-01 00:00:00-04:00,77.61419250451264,78.261226134289,76.73678384779379,76.86913299560547,2207600,0.0,0
2021-06-02 00:00:00-04:00,76.87891868308402,77.21224102385389,76.24169073589294,76.73186492919922,1898600,0.0,0
2021-06-03 00:00:00-04:00,76.71226074270623,77.86907213040102,76.14365688717761,77.58477020263672,1949900,0.0,0
2021-06-04 00:00:00-04:00,77.6926191604495,78.3494508649046,77.6632099019613,78.3004379272461,1644000,0.0,0
2021-06-07 00:00:00-04:00,78.82001602058872,79.21705594181589,77.90829167280357,78.04553985595703,1723600,0.0,0
2021-06-08 00:00:00-04:00,78.19258570359253,79.35919514232008,77.81514949838972,79.26116180419922,2647600,0.0,0
2021-06-09 00:00:00-04:00,79.20235417979112,79.58468948662116,78.75139477890094,79.16313934326172,1947300,0.0,0
2021-06-10 00:00:00-04:00,79.45725451230523,79.95722689729901,78.22201322106703,78.83963012695312,1753200,0.0,0
2021-06-11 00:00:00-04:00,79.26117339769657,79.39842158703387,78.1337711457413,78.95726776123047,1527800,0.0,0
2021-06-14 00:00:00-04:00,78.98667476737559,79.212158203125,78.55531905348896,79.212158203125,1232700,0.0,0
2021-06-15 00:00:00-04:00,79.37882618985435,79.67292627791805,78.84257090606444,79.39842987060547,1341500,0.0,0
2021-06-16 00:00:00-04:00,79.41803894868401,79.71213902903716,78.71218678869094,79.04550170898438,2578100,0.0,0
2021-06-17 00:00:00-04:00,79.32980284237125,79.59450113927684,77.88379022753496,78.8886489868164,3734700,0.0,0
2021-06-18 00:00:00-04:00,78.19259869869953,78.59453769563405,77.37400859617628,77.93770599365234,4490800,0.0,0
2021-06-21 00:00:00-04:00,78.51611310456994,79.50626725103243,78.10436850169222,79.44744873046875,2582700,0.0,0
2021-06-22 00:00:00-04:00,79.44744875404366,80.20231385954348,79.16314677212489,79.77096557617188,1757800,0.0,0
2021-06-23 00:00:00-04:00,80.0356512206945,80.05526237926355,79.15333607172514,79.23176574707031,1276400,0.0,0
2021-06-24 00:00:00-04:00,79.30039497312485,80.09447491883408,79.10432825154376,79.77096557617188,1679100,0.0,0
2021-06-25 00:00:00-04:00,79.9082077419831,80.30034863499425,79.68272429767543,80.04545593261719,2532100,0.0,0
2021-06-28 00:00:00-04:00,79.99644133410193,80.14349511460908,79.1533409706246,80.05526733398438,1940000,0.0,0
2021-06-29 00:00:00-04:00,80.08467516323941,80.84934583285433,79.97683622475877,80.46701049804688,1844000,0.0,0
2021-06-30 00:00:00-04:00,80.24152324197884,80.79052348810343,79.63371195873924,80.16309356689453,1981700,0.0,0
2021-07-01 00:00:00-04:00,80.57484943652751,80.77091615405642,80.09447326348977,80.46701049804688,1576100,0.0,0
2021-07-02 00:00:00-04:00,80.57484900254822,81.31011040852023,80.24152660918536,81.03561401367188,1113100,0.0,0
2021-07-06 00:00:00-04:00,80.65326304067037,80.94737056508663,80.0944647278515,80.63365936279297,1570300,0.0,0
2021-07-07 00:00:00-04:00,81.2316774880615,82.98650220447945,80.7022883993545,82.42770385742188,1645300,0.0,0
2021-07-08 00:00:00-04:00,81.29050348407638,82.28065765661852,80.83954402912308,81.45716094970703,1478100,0.0,0
2021-07-09 00:00:00-04:00,82.19241709514576,82.35908202949793,81.59441137346286,82.17281341552734,1073300,0.0,0
2021-07-12 00:00:00-04:00,81.82969292621233,82.24143751339034,81.60420947353921,82.17281341552734,1506700,0.0,0
2021-07-13 00:00:00-04:00,82.35908991714122,82.73161970129439,81.6630432923078,81.88851928710938,1683000,0.0,0
2021-07-14 00:00:00-04:00,81.76106676384342,83.3119788158517,81.76106676384342,83.11394500732422,1772100,0.0,0
2021-07-15 00:00:00-04:00,82.83944941070695,83.74136824827248,82.83944941070695,83.55510711669922,1769100,0.0,0
2021-07-16 00:00:00-04:00,83.3982515946488,83.86882219381926,83.2021848746829,83.2511978149414,1654800,0.0,0
2021-07-19 00:00:00-04:00,82.6531834497688,82.75122428785836,81.3885329289649,82.40809631347656,2534100,0.0,0
2021-07-20 00:00:00-04:00,82.79043571524291,84.59428101629929,82.48653004473864,84.40801239013672,1839200,0.0,0
2021-07-21 00:00:00-04:00,84.55505692384492,85.20209051479685,84.4550639512015,85.10404968261719,1447700,0.0,0
2021-07-22 00:00:00-04:00,85.29031378800086,85.927541766218,84.91778407555721,85.61383056640625,2123200,0.0,0
2021-07-23 00:00:00-04:00,86.3490930533038,87.07258919037193,85.92754292168831,86.78044128417969,1648700,0.0,0
2021-07-26 00:00:00-04:00,88.17254883113732,88.42743406270881,85.14326799615674,87.3098373413086,3098600,0.0,0
2021-07-27 00:00:00-04:00,87.27553190182331,87.40395433183615,85.8001025346683,86.4863510131836,1701900,0.0,0
2021-07-28 00:00:00-04:00,86.2902770357046,86.70202911565885,85.55501561506155,86.2020492553711,1670200,0.0,0
2021-07-29 00:00:00-04:00,86.61378789814138,87.19219739858373,86.14322480979838,87.12357330322266,2009900,0.0,0
2021-07-30 00:00:00-04:00,87.09415292600694,88.02548844351878,86.9471066417107,87.79020690917969,1545200,0.0,0
2021-08-02 00:00:00-04:00,87.91765548499082,88.88819842457133,87.91765548499082,88.1627426147461,1441000,0.0,0
2021-08-03 00:00:00-04:00,88.33920768543634,90.01560279410292,88.32940210576953,89.48621368408203,1683700,0.0,0
2021-08-04 00:00:00-04:00,89.21171459881234,89.86854630683075,88.79016443944153,89.0156478881836,1214800,0.0,0
2021-08-05 00:00:00-04:00,89.35878138311823,89.61367412762318,88.26078819710713,88.94703674316406,1547000,0.0,0
2021-08-06 00:00:00-04:00,89.24112377334431,89.52542573911391,88.19215116559157,88.36861419677734,1938600,0.0,0
2021-08-09 00:00:00-04:00,88.05490258015459,88.29018412753238,87.19219858679232,87.9666748046875,1867200,0.0,0
2021-08-10 00:00:00-04:00,88.12352366141029,88.78035534341109,87.63334942478905,88.10391998291016,1269500,0.0,0
2021-08-11 00:00:00-04:00,88.14313802095208,88.76075488892072,88.04509718649452,88.65291595458984,1539600,0.0,0
2021-08-12 00:00:00-04:00,88.65292028763474,88.65292028763474,87.80001435063956,88.42743682861328,1344100,0.0,0
2021-08-13 00:00:00-04:00,88.48625420020207,89.24111922434466,88.32939485627026,88.8783950805664,2823900,0.0,0
2021-08-16 00:00:00-04:00,88.96663750505687,90.29010664973467,88.68233550695376,90.09403991699219,2660100,0.0,0
2021-08-17 00:00:00-04:00,89.63326814869576,89.9469793852477,88.39802688250623,88.95682525634766,1821700,0.0,0
2021-08-18 00:00:00-04:00,88.69214072594811,89.91757649926016,88.5254832558496,88.72154998779297,2377400,0.0,0
2021-08-19 00:00:00-04:00,88.04330040881526,89.34080102360724,87.78772994699693,88.66255950927734,1343500,0.24,0
2021-08-20 00:00:00-04:00,88.29887744045517,88.86899332102541,87.94501292833255,88.48563385009766,3291500,0.0,0
2021-08-23 00:00:00-04:00,88.99677170262267,89.43909857764612,88.32836181411487,88.38733673095703,2037500,0.0,0
2021-08-24 00:00:00-04:00,88.32836446084902,89.21302573675818,88.12685682312868,88.82967376708984,2585500,0.0,0
2021-08-25 00:00:00-04:00,89.22284145570572,89.91091460496831,89.07540417312022,89.57670593261719,2034500,0.0,0
2021-08-26 00:00:00-04:00,89.37029518894988,90.43188872601323,89.36047103536228,90.24512481689453,1527800,0.0,0
2021-08-27 00:00:00-04:00,90.54001308509022,91.0993148895473,90.1959802307128,90.44171905517578,1195500,0.0,0
2021-08-30 00:00:00-04:00,90.44170591776192,91.25755299696155,90.21071085637237,90.79557037353516,867900,0.0,0
2021-08-31 00:00:00-04:00,90.79557710828642,91.06588379649834,90.29426784219767,90.64813232421875,2124700,0.0,0
2021-09-01 00:00:00-04:00,90.6186406454224,90.62846479771017,89.40469039547577,89.94039916992188,1711600,0.0,0
2021-09-02 00:00:00-04:00,90.33358342528251,90.88403593167271,90.08784462787933,90.49085235595703,1547000,0.0,0
2021-09-03 00:00:00-04:00,90.3237580451271,90.87913016561306,90.01904431498252,90.25495147705078,1313400,0.0,0
2021-09-07 00:00:00-04:00,90.00921906219716,90.00921906219716,87.73859465488532,87.8565444946289,2056300,0.0,0
2021-09-08 00:00:00-04:00,87.61080322734367,89.50790725714306,87.52430568068891,89.1737060546875,2312400,0.0,0
2021-09-09 00:00:00-04:00,89.29164689006993,89.70449377414118,88.5839254445614,88.93778991699219,1610300,0.0,0
2021-09-10 00:00:00-04:00,89.47841373888717,89.68483343807655,88.66255909493395,89.00659942626953,1494900,0.0,0
2021-09-13 00:00:00-04:00,89.7732996788984,90.14681995289723,87.88110793047466,88.41681671142578,2013200,0.0,0
2021-09-14 00:00:00-04:00,88.67238706930947,89.28182198879634,87.74349471180743,88.81983184814453,2113700,0.0,0
2021-09-15 00:00:00-04:00,89.03608819482284,89.03608819482284,87.93517561691061,88.81000518798828,2868600,0.0,0
2021-09-16 00:00:00-04:00,88.8100028727587,88.8100028727587,86.13145139072104,86.69664764404297,3171200,0.0,0
2021-09-17 00:00:00-04:00,85.77267940271038,85.95943580541385,83.44307270101949,83.57085418701172,11037500,0.0,0
2021-09-20 00:00:00-04:00,82.56824533740625,82.96142895793133,80.86772936586067,81.76222229003906,4458100,0.0,0
2021-09-21 00:00:00-04:00,81.89984149243483,82.68620879167162,80.53353412201054,80.60234069824219,4208800,0.0,0
2021-09-22 00:00:00-04:00,82.43063092876895,84.09182776280619,81.70324611655212,82.85330200195312,3488600,0.0,0
2021-09-23 00:00:00-04:00,83.08920477801098,85.3303415129261,82.59772716072771,84.27857971191406,4250200,0.0,0
2021-09-24 00:00:00-04:00,83.96402670025022,84.67666768062517,83.1186846754591,83.41357421875,1874200,0.0,0
2021-09-27 00:00:00-04:00,83.10887217279502,83.68390011339578,82.6173945313222,82.79432678222656,1614400,0.0,0
2021-09-28 00:00:00-04:00,82.14556710651566,82.7215774232535,81.31005667273168,82.2831802368164,2440600,0.0,0
2021-09-29 00:00:00-04:00,82.46994954178918,82.9515955294617,81.69341397019672,81.89983367919922,1784600,0.0,0
2021-09-30 00:00:00-04:00,82.45028272935009,82.64687827671868,80.8677241949612,80.87755584716797,2354800,0.0,0
2021-10-01 00:00:00-04:00,81.25108748048996,81.58528867779356,79.66852887124952,81.09381103515625,2530400,0.0,0
2021-10-04 00:00:00-04:00,80.71045064665044,81.70814955708344,80.18948559974686,80.51386260986328,2474600,0.0,0
2021-10-05 00:00:00-04:00,80.87755450905235,82.31758780970786,80.4548834633946,81.93914794921875,2080900,0.0,0
2021-10-06 00:00:00-04:00,81.3788736746403,82.07677106762819,79.8258024342342,81.45751190185547,1916800,0.0,0
2021-10-07 00:00:00-04:00,82.50926201305192,83.65931779895313,82.35198558112371,82.94175720214844,2487900,0.0,0
2021-10-08 00:00:00-04:00,82.47978445458072,82.94668673144778,81.241258652257,82.02761840820312,1942600,0.0,0
2021-10-11 00:00:00-04:00,81.81137178235325,82.07676640995123,80.16983075464542,80.22881317138672,2134100,0.0,0
2021-10-12 00:00:00-04:00,80.41556886344236,80.7841770925551,79.89460376619293,80.5433578491211,2368900,0.0,0
2021-10-13 00:00:00-04:00,80.83824375517057,80.88739452111777,79.69801947886445,79.89460754394531,1519300,0.0,0
2021-10-14 00:00:00-04:00,80.56301447155525,82.06693486168258,80.55318281886024,81.9883041381836,2166500,0.0,0
2021-10-15 00:00:00-04:00,82.48960979320621,83.24648959969205,82.06693869979767,82.66654205322266,1681400,0.0,0
2021-10-18 00:00:00-04:00,82.2340423742654,82.43947966794077,81.5587480768431,81.89983367919922,1452300,0.0,0
2021-10-19 00:00:00-04:00,82.56823970289284,83.29562447664702,82.342156699229,82.9810791015625,1388000,0.0,0
2021-10-20 00:00:00-04:00,83.18750225518794,84.98631220896839,82.79432614452097,84.00335693359375,2339900,0.0,0
2021-10-21 00:00:00-04:00,82.74517725589484,83.93455226612521,82.06693570072524,83.89523315429688,1917700,0.0,0
2021-10-22 00:00:00-04:00,84.39653894137683,85.23204940971269,83.9542120755971,84.17045593261719,2678500,0.0,0
2021-10-25 00:00:00-04:00,79.70784189696361,82.51909466265899,79.70784189696361,80.4647216796875,3623700,0.0,0
2021-10-26 00:00:00-04:00,80.93162238238256,81.19210493261112,78.400515526632,78.90181732177734,3657600,0.0,0
2021-10-27 00:00:00-04:00,79.2949952486936,79.45227168249448,78.13510779714794,78.36119079589844,2896600,0.0,0
2021-10-28 00:00:00-04:00,78.24323964112472,78.79369970348623,77.2602843504087,78.55778503417969,2435300,0.0,0
2021-10-29 00:00:00-04:00,78.20391517424373,80.0911949026882,78.18425936949106,78.94113159179688,2870500,0.0,0
2021-11-01 00:00:00-04:00,79.088582429341,79.77665563800726,78.76420538094206,79.54074096679688,1846100,0.0,0
2021-11-02 00:00:00-04:00,79.9437446203032,80.06169443941236,78.78385723649605,79.72749328613281,1465500,0.0,0
2021-11-03 00:00:00-04:00,79.89460885674504,80.42540564040999,78.25798731528333,79.23603057861328,2306700,0.0,0
2021-11-04 00:00:00-04:00,79.56039938562274,80.46471640498926,79.4129546000111,80.44505310058594,1943200,0.0,0
2021-11-05 00:00:00-04:00,80.73011542372838,81.30023129287349,80.16983120732127,80.31727600097656,1500900,0.0,0
2021-11-08 00:00:00-05:00,80.7104600882241,80.98470395631931,80.00567832006745,80.83824157714844,2422400,0.0,0
2021-11-09 00:00:00-05:00,80.99551286975976,82.24386271858508,80.67113584234139,82.11608123779297,3078900,0.0,0
2021-11-10 00:00:00-05:00,82.51908793081604,83.01056554207605,81.77204736123511,81.93914794921875,2986300,0.0,0
2021-11-11 00:00:00-05:00,82.02761311181975,82.27335192581485,81.35920323777897,81.97846984863281,1743500,0.0,0
2021-11-12 00:00:00-05:00,82.50926664833158,84.1901192373894,81.8900000370158,84.17045593261719,1737600,0.0,0
2021-11-15 00:00:00-05:00,84.04267370560474,84.1311360782368,82.50631117325143,82.72551727294922,1319100,0.0,0
2021-11-16 00:00:00-05:00,83.11868769846758,83.5413587262356,82.78448653664552,83.0793685913086,1532800,0.0,0
2021-11-17 00:00:00-05:00,82.92210575648994,84.57838295827074,82.66162321435094,84.11148071289062,2657800,0.0,0
2021-11-18 00:00:00-05:00,83.57918770617614,85.18590836819968,83.47075792010354,84.99862670898438,2586400,0.24,0
2021-11-19 00:00:00-05:00,85.20563576523381,86.57578590826006,84.84091667260336,85.02820587158203,2901700,0.0,0
2021-11-22 00:00:00-05:00,85.01834078875619,85.15634097216893,82.67233015029367,82.99761199951172,1770400,0.0,0
2021-11-23 00:00:00-05:00,82.80046360794178,83.17010853476295,82.32731479261476,82.61317443847656,1683000,0.0,0
2021-11-24 00:00:00-05:00,82.45546793913391,83.34261731879437,81.68660765024342,83.25389862060547,1024700,0.0,0
2021-11-26 00:00:00-05:00,81.74575538616362,83.02719432357102,81.32189550875468,82.00204467773438,1170100,0.0,0
2021-11-29 00:00:00-05:00,82.90889729791985,83.1356086522787,81.80488835705759,82.38646697998047,1934300,0.0,0
2021-11-30 00:00:00-05:00,81.89360630943803,82.38646623062563,79.00544687046089,79.25187683105469,2602300,0.0,0
2021-12-01 00:00:00-05:00,80.53331259119804,82.14989262093296,79.2715923260826,79.30116271972656,2247400,0.0,0
2021-12-02 00:00:00-05:00,79.70531249101361,81.88276741031461,79.70038659882626,81.6668930053711,2224700,0.0,0
2021-12-03 00:00:00-05:00,82.15974852544251,82.40617848953829,80.75016882999685,81.61760711669922,2236400,0.0,0
2021-12-06 00:00:00-05:00,82.2090434942741,83.28347460591436,81.499323942886,82.81033325195312,2046200,0.0,0
2021-12-07 00:00:00-05:00,83.92418794679409,85.02819689298752,83.51018741213868,84.47618865966797,2093000,0.0,0
2021-12-08 00:00:00-05:00,84.42691161166094,85.28054240466425,83.49047318693337,84.97891235351562,2923600,0.0,0
2021-12-09 00:00:00-05:00,84.81133089734767,85.37319087194932,83.95375198013669,84.95919036865234,2406900,0.0,0
2021-12-10 00:00:00-05:00,85.08733970835375,85.33376967825983,84.56983526746181,84.85076904296875,2379000,0.0,0
2021-12-13 00:00:00-05:00,85.01833795806192,85.40276810197577,83.58904716868439,84.16075897216797,2502400,0.0,0
2021-12-14 00:00:00-05:00,83.85518911345767,84.1804784757493,82.87439513458897,83.5988998413086,2178600,0.0,0
2021-12-15 00:00:00-05:00,83.83548483248434,84.1657001135833,82.28888998886315,83.70733642578125,2011900,0.0,0
2021-12-16 00:00:00-05:00,84.48604878482601,85.62455402641302,83.9931888519869,85.27462768554688,3345100,0.0,0
2021-12-17 00:00:00-05:00,84.21005188988214,85.43234246788005,82.82018321228644,82.95819091796875,2875700,0.0,0
2021-12-20 00:00:00-05:00,82.06118025053475,82.06118025053475,79.4243765556275,81.1543197631836,2440500,0.0,0
2021-12-21 00:00:00-05:00,82.14003727189379,83.07646812539363,81.62745873615724,82.97789764404297,1415100,0.0,0
2021-12-22 00:00:00-05:00,82.92861868788368,83.35247857743273,82.44561800644992,83.10604858398438,1014500,0.0,0
2021-12-23 00:00:00-05:00,83.63832622480884,84.36578643790246,83.22432570035646,84.0326156616211,933100,0.0,0
2021-12-27 00:00:00-05:00,84.50577273813825,85.30420347329154,84.36776502940495,85.28448486328125,674400,0.0,0
2021-12-28 00:00:00-05:00,85.25490455861237,85.4717641208402,84.90004482413872,85.22533416748047,730200,0.0,0
2021-12-29 00:00:00-05:00,84.98876976784584,85.98730449359782,84.98876976784584,85.5802001953125,1229700,0.0,0
2021-12-30 00:00:00-05:00,85.62949694193797,86.0277271500681,85.06763685696433,85.12677764892578,864300,0.0,0
2021-12-31 00:00:00-05:00,84.93948024270789,86.31850440019457,84.93948024270789,85.82662963867188,985600,0.0,0
2022-01-03 00:00:00-05:00,85.95477373551535,86.96021226208637,83.37219236662293,84.34805297851562,2209600,0.0,0
2022-01-04 00:00:00-05:00,84.18047952785835,85.22534019748892,83.75661967727213,84.98876953125,1739200,0.0,0
2022-01-05 00:00:00-05:00,85.29435274729495,85.86114627518288,82.53434118350182,82.6329116821289,2656900,0.0,0
2022-01-06 00:00:00-05:00,82.9877570480579,83.76647663642179,82.58360829745503,83.50032806396484,1641400,0.0,0
2022-01-07 00:00:00-05:00,83.19475653957088,84.05232799284668,83.0074673622138,83.15532684326172,2351500,0.0,0
2022-01-10 00:00:00-05:00,82.61318187874363,83.4806201982251,81.28246152642981,83.4510498046875,1940000,0.0,0
2022-01-11 00:00:00-05:00,83.98332672897128,85.0577652571322,82.97789580871974,85.00847625732422,2334200,0.0,0
2022-01-12 00:00:00-05:00,85.48163213711106,86.09277367064662,84.90005347727514,85.70834350585938,2864100,0.0,0
2022-01-13 00:00:00-05:00,85.84634108561737,86.42791972779482,84.31847977772279,84.53533935546875,3365800,0.0,0
2022-01-14 00:00:00-05:00,83.64818744585145,84.42197362092215,81.85417761166488,82.97789764404297,2870400,0.0,0
2022-01-18 00:00:00-05:00,81.86404595978756,82.94833641532222,80.51360690271335,82.69204711914062,2640500,0.0,0
2022-01-19 00:00:00-05:00,82.99761283812022,83.23419102960042,81.6668924729398,81.91332244873047,2632200,0.0,0
2022-01-20 00:00:00-05:00,82.40618371600735,82.89904367545769,80.67131455301723,81.0360336303711,3534500,0.0,0
2022-01-21 00:00:00-05:00,81.03603777933834,82.70190693411415,80.40517760057817,81.92318725585938,2844000,0.0,0
2022-01-24 00:00:00-05:00,80.51360448329888,82.15975496762712,78.99559488298759,82.04147338867188,4451900,0.0,0
2022-01-25 00:00:00-05:00,80.56288860031084,82.43575034430532,79.76445038857378,81.7851791381836,4027200,0.0,0
2022-01-26 00:00:00-05:00,82.3766173063692,83.41162627945802,79.8433172930735,80.35588836669922,3633100,0.0,0
2022-01-27 00:00:00-05:00,81.1247499802942,82.22875144435058,80.13903008998902,81.4303207397461,3093400,0.0,0
2022-01-28 00:00:00-05:00,81.03603482730125,81.63732458834761,79.68559581110026,81.5880355834961,4367500,0.0,0
2022-01-31 00:00:00-05:00,80.13902469528799,84.47126001255087,79.37015691543306,84.21004486083984,4710600,0.0,0
2022-02-01 00:00:00-05:00,84.62405994157324,85.13663854966573,80.40517957248086,82.36676025390625,4970900,0.0,0
2022-02-02 00:00:00-05:00,82.62303575487576,83.1080067220098,81.25288579438525,82.08088684082031,2889900,0.0,0
2022-02-03 00:00:00-05:00,81.4894652783795,82.43575551418596,80.58260474245411,80.6811752319336,2902900,0.0,0
2022-02-04 00:00:00-05:00,80.09959896756726,82.04146832020888,79.8137393020085,81.26274871826172,3508500,0.0,0
2022-02-07 00:00:00-05:00,81.42046042648577,81.71617939809235,80.33617006467139,80.49388885498047,1790200,0.0,0
2022-02-08 00:00:00-05:00,80.86845856775348,83.05675786972014,80.72552497598367,82.86946868896484,3294300,0.0,0
2022-02-09 00:00:00-05:00,83.6974809704934,83.8985626575922,82.21890110898099,82.5737533569336,2132000,0.0,0
2022-02-10 00:00:00-05:00,81.69646163581645,82.14004009782374,80.04045192263692,80.38545989990234,1926400,0.0,0
2022-02-11 00:00:00-05:00,80.43474140236529,80.67131206989471,77.98030098557702,78.50273132324219,2494800,0.0,0
2022-02-14 00:00:00-05:00,78.423871094939,79.10402021736934,77.5465810050674,78.61116027832031,3899000,0.0,0
2022-02-15 00:00:00-05:00,80.0207490175758,80.51360901213577,77.42337474051965,77.66487884521484,4126300,0.0,0
2022-02-16 00:00:00-05:00,77.81272872758527,78.18729956978137,76.35386001505299,77.74372863769531,3305200,0.0,0
2022-02-17 00:00:00-05:00,77.15048955770503,77.21970025627051,75.30256013430662,75.36089324951172,2253500,0.24,0
2022-02-18 00:00:00-05:00,75.19281161088651,76.05300064867721,74.49080768010501,75.48942565917969,6320300,0.0,0
2022-02-22 00:00:00-05:00,75.24224456698148,76.63635550669262,75.0247230691485,75.43999481201172,2481400,0.0,0
2022-02-23 00:00:00-05:00,75.90469436934731,75.93436256500235,73.32411955902423,73.84814453125,2771000,0.0,0
2022-02-24 00:00:00-05:00,72.49852431966107,76.06289437656805,72.27606188492727,75.72672271728516,3807000,0.0,0
2022-02-25 00:00:00-05:00,75.8157087883221,77.89203732426681,75.59818729098875,77.62508392333984,3005300,0.0,0
2022-02-28 00:00:00-05:00,76.2903023856944,78.04034868834265,76.2903023856944,77.44711303710938,3918500,0.0,0
2022-03-01 00:00:00-05:00,77.45699790435869,77.59542685365085,75.69706213511135,76.7747802734375,3501600,0.0,0
2022-03-02 00:00:00-05:00,77.29880079781131,78.1144988601296,77.17026879784976,77.89203643798828,3266200,0.0,0
2022-03-03 00:00:00-05:00,78.77200388204878,79.63220045925752,77.81293595586672,78.28752899169922,2660900,0.0,0
2022-03-04 00:00:00-05:00,77.32846572837435,77.69429803937554,75.7959408683766,77.08128356933594,2967900,0.0,0
2022-03-07 00:00:00-05:00,76.92308186299054,77.20980649555993,73.41309260010371,73.46253204345703,2768400,0.0,0
2022-03-08 00:00:00-05:00,73.3735509900373,74.3820584205559,72.65178331185518,72.67155456542969,3249800,0.0,0
2022-03-09 00:00:00-05:00,74.09532740976492,75.34112007692569,73.91735595111325,74.4117202758789,3050200,0.0,0
2022-03-10 00:00:00-05:00,73.46253444209053,73.70971658012797,72.47380588994072,72.96817016601562,3981100,0.0,0
2022-03-11 00:00:00-05:00,73.15602874811574,73.27961982606593,71.4554143085772,71.58395385742188,3290800,0.0,0
2022-03-14 00:00:00-04:00,72.50346797625757,72.54795895156988,70.26893929196854,71.16868591308594,4014900,0.0,0
2022-03-15 00:00:00-04:00,71.68281546509834,73.07692625566523,71.13901177869288,72.81985473632812,4655600,0.0,0
2022-03-16 00:00:00-04:00,73.6701704974368,75.9640205601332,73.16591679655164,74.64900970458984,2692800,0.0,0
2022-03-17 00:00:00-04:00,74.19419435165898,75.5784158873251,74.14475490476356,75.52897644042969,1868200,0.0,0
2022-03-18 00:00:00-04:00,75.78604812155878,77.48666250755245,75.65750857676126,77.10105895996094,3822500,0.0,0
2022-03-21 00:00:00-04:00,76.64623495045107,77.28396909843762,75.55863503889762,76.45838165283203,1805000,0.0,0
2022-03-22 00:00:00-04:00,76.42872457368198,77.69429598759288,76.42872457368198,76.6561279296875,2601700,0.0,0
2022-03-23 00:00:00-04:00,76.26063250630699,76.7352255428481,75.3905540732821,75.57841491699219,1675300,0.0,0
2022-03-24 00:00:00-04:00,75.5190922008652,76.59681036091702,75.09393857608529,76.54737091064453,1837900,0.0,0
2022-03-25 00:00:00-04:00,76.73523234633738,76.8736537560595,75.75639307947363,76.36940002441406,1531900,0.0,0
2022-03-28 00:00:00-04:00,76.0925539736678,77.17027209605396,75.45976825798083,77.13072204589844,2218200,0.0,0
2022-03-29 00:00:00-04:00,77.81293593109103,78.59403241151225,77.20981089612529,77.76350402832031,1812200,0.0,0
2022-03-30 00:00:00-04:00,77.12082409628718,77.76349913910289,76.82420252471073,76.87364196777344,1261600,0.0,0
2022-03-31 00:00:00-04:00,76.73522900147762,77.46194514254192,76.03323258465782,76.0826644897461,2413400,0.0,0
2022-04-01 00:00:00-04:00,76.04311559970179,76.383232423985,74.89618687296039,75.42021179199219,2591900,0.0,0
2022-04-04 00:00:00-04:00,75.43998948673222,75.88491430569223,74.95550707815798,75.77615356445312,1872600,0.0,0
2022-04-05 00:00:00-04:00,75.4993163254762,75.70694842578963,74.06566287614044,74.3029556274414,1582900,0.0,0
2022-04-06 00:00:00-04:00,73.49219518468303,75.48942354345614,73.32411314102097,75.37078094482422,2666000,0.0,0
2022-04-07 00:00:00-04:00,74.92585865404811,77.11094814594729,74.92585865404811,76.66602325439453,3012100,0.0,0
2022-04-08 00:00:00-04:00,76.38917882203212,77.31857863825182,76.24086801350099,76.36940002441406,2107000,0.0,0
2022-04-11 00:00:00-04:00,76.132105004521,76.38917656214305,75.30157657075863,75.50920867919922,1750400,0.0,0
2022-04-12 00:00:00-04:00,75.65751087957997,76.31996478968311,74.63912160528211,75.03461456298828,2814200,0.0,0
2022-04-13 00:00:00-04:00,74.41171921088973,75.63774060660933,74.41171921088973,74.98517608642578,1592600,0.0,0
2022-04-14 00:00:00-04:00,75.17303447861748,75.62290780339545,73.85802362622057,73.90746307373047,1717000,0.0,0
2022-04-18 00:00:00-04:00,73.84813853691429,74.22385267397128,72.29583499994163,72.79019927978516,1517100,0.0,0
2022-04-19 00:00:00-04:00,73.19557704840163,74.62923804438998,73.03738439497566,74.52047729492188,1380400,0.0,0
2022-04-20 00:00:00-04:00,75.12359924120881,75.50920277579448,74.44137412152634,74.66877746582031,2107800,0.0,0
2022-04-21 00:00:00-04:00,75.24224198576731,75.76626691616961,73.99644188671637,74.36227416992188,2256200,0.0,0
2022-04-22 00:00:00-04:00,73.00770953720334,73.78880596509345,72.4935740312427,72.59244537353516,2115500,0.0,0
2022-04-25 00:00:00-04:00,74.4314833536054,75.17302975929631,72.23650478581628,73.75914764404297,4038900,0.0,0
2022-04-26 00:00:00-04:00,72.54301936145067,73.13625500675035,71.37631932355443,71.55429077148438,2231400,0.0,0
2022-04-27 00:00:00-04:00,71.49496068927297,73.51196788310567,71.49496068927297,72.74076080322266,2499900,0.0,0
2022-04-28 00:00:00-04:00,72.76053516466473,75.65751030865523,72.61223190711969,75.21258544921875,2837400,0.0,0
2022-04-29 00:00:00-04:00,74.72811143195881,75.06427554427442,71.75203615282004,72.01898956298828,2808100,0.0,0
2022-05-02 00:00:00-04:00,72.17718602817783,73.20546465214348,70.52601111712738,72.12774658203125,2627400,0.0,0
2022-05-03 00:00:00-04:00,72.09809071399457,72.8000871441174,71.65118947173201,72.49358367919922,2297000,0.0,0
2022-05-04 00:00:00-04:00,73.10659621883966,75.96402131318082,72.43426045879463,75.73661041259766,2700800,0.0,0
2022-05-05 00:00:00-04:00,74.63911692673219,75.24224195216367,73.10164371327986,73.83824920654297,2377800,0.0,0
2022-05-06 00:00:00-04:00,73.39332638578948,74.02611207846029,71.94977600952119,73.7393798828125,2470400,0.0,0
2022-05-09 00:00:00-04:00,72.46391710237882,73.35377431548586,71.94977402662796,72.48368835449219,2718000,0.0,0
2022-05-10 00:00:00-04:00,73.03738317227443,73.95690105658369,70.66443306340535,71.94977569580078,2771000,0.0,0
2022-05-11 00:00:00-04:00,71.89045488883555,73.14614442270432,71.5246225948343,72.07831573486328,3214400,0.0,0
2022-05-12 00:00:00-04:00,71.7025920295233,73.4625352071343,70.45679947208893,72.17718505859375,2482100,0.0,0
2022-05-13 00:00:00-04:00,72.9978334605289,74.63911899399731,72.65672089073382,74.2634048461914,2601200,0.0,0
2022-05-16 00:00:00-04:00,73.71959667854856,74.01621825448865,72.75064694482431,73.5020751953125,2101000,0.0,0
2022-05-17 00:00:00-04:00,74.19419472357853,74.60945892333986,73.02749467896302,74.60945892333984,2742800,0.0,0
2022-05-18 00:00:00-04:00,73.57129498118982,74.02610920870274,71.17856615867382,71.39608764648438,1899700,0.0,0
2022-05-19 00:00:00-04:00,70.74090484446492,72.95465604901617,70.69126604260845,72.06121063232422,1780500,0.29,0
2022-05-20 00:00:00-04:00,72.77596381776314,73.81831802111981,70.92951256107374,72.90502166748047,3017700,0.0,0
2022-05-23 00:00:00-04:00,73.4510072873338,74.23029247953426,72.59727147273966,73.3318862915039,2473100,0.0,0
2022-05-24 00:00:00-04:00,74.28489811343238,75.32724478002642,72.69655492589543,74.9400863647461,3071700,0.0,0
2022-05-25 00:00:00-04:00,74.17569562264886,74.37423567238002,72.24486447981623,72.9943618774414,2854900,0.0,0
2022-05-26 00:00:00-04:00,73.83816810682428,75.01950184654889,73.54035803360975,74.53307342529297,3380100,0.0,0
2022-05-27 00:00:00-04:00,75.29745993679728,76.06185501950216,74.83088249713902,75.74418640136719,2837700,0.0,0
2022-05-31 00:00:00-04:00,74.99964878054384,75.10387965242737,73.19290712099685,73.85802459716797,9765400,0.0,0
2022-06-01 00:00:00-04:00,73.77860885133043,74.62241543372974,73.04400156976347,73.43115997314453,2384000,0.0,0
2022-06-02 00:00:00-04:00,73.46093722510882,74.81103073136755,73.11348836110486,74.69190216064453,2133600,0.0,0
2022-06-03 00:00:00-04:00,74.19554647732465,74.77132322395221,73.55027995602256,74.64227294921875,1415400,0.0,0
2022-06-06 00:00:00-04:00,74.97978904476217,75.50592696754676,74.53307016755713,74.65219116210938,1019900,0.0,0
2022-06-07 00:00:00-04:00,74.19554830939094,76.00229006935915,73.8381701525781,75.93280029296875,1582500,0.0,0
2022-06-08 00:00:00-04:00,75.2776103711933,76.37952506775358,74.64227312302741,75.78388977050781,1926900,0.0,0
2022-06-09 00:00:00-04:00,75.63498369345784,76.59791877889687,75.20811579704107,75.44636535644531,2505100,0.0,0
2022-06-10 00:00:00-04:00,74.24518421575553,74.48343378640445,72.73625259607202,72.75611114501953,2314500,0.0,0
2022-06-13 00:00:00-04:00,70.9096596596005,71.67404716716877,69.93679525796908,70.58206176757812,1860400,0.0,0
2022-06-14 00:00:00-04:00,70.40337589750662,70.68630342815676,68.13998594757592,68.7058334350586,1859400,0.0,0
2022-06-15 00:00:00-04:00,68.90438216625571,70.2544681936167,68.25911561698655,69.2518310546875,1629300,0.0,0
2022-06-16 00:00:00-04:00,67.92157923542568,67.98610815376281,66.48214507513863,67.45500183105469,1818700,0.0,0
2022-06-17 00:00:00-04:00,67.4450813751573,68.23924908817112,66.74025440565809,67.38551330566406,3669400,0.0,0
2022-06-21 00:00:00-04:00,68.2988253598588,69.59928016374779,67.6634880836216,69.36103057861328,2506000,0.0,0
2022-06-22 00:00:00-04:00,67.98115800957264,68.61649529784565,67.37560097327838,68.25911712646484,2621800,0.0,0
2022-06-23 00:00:00-04:00,68.1796879771696,69.01356520438087,67.42522221887126,68.09033966064453,1791000,0.0,0
2022-06-24 00:00:00-04:00,68.44772848534153,70.38352819212678,67.97122930206557,70.34381866455078,3453500,0.0,0
2022-06-27 00:00:00-04:00,70.78060412588118,70.8500938941311,68.62144531255967,69.41065216064453,2327700,0.0,0
2022-06-28 00:00:00-04:00,69.6886179566097,70.33388448050408,68.98379093241712,69.28160858154297,1877800,0.0,0
2022-06-29 00:00:00-04:00,68.99371602688942,69.6886137343241,68.02085166266387,69.27167510986328,2728700,0.0,0
2022-06-30 00:00:00-04:00,68.46758395355208,70.39345429828403,68.24918534862566,70.15519714355469,2822500,0.0,0
2022-07-01 00:00:00-04:00,70.46293964762212,71.71872397322782,69.7184031269634,71.37623596191406,2096300,0.0,0
2022-07-05 00:00:00-04:00,69.8673040010507,70.9692186516799,69.66380310925224,70.85009765625,1936800,0.0,0
2022-07-06 00:00:00-04:00,70.93944582408339,71.25711446815757,70.07578064777961,70.74090576171875,2440000,0.0,0
2022-07-07 00:00:00-04:00,68.14991690456698,69.69855057720301,66.86931306995726,69.57942199707031,4386800,0.0,0
2022-07-08 00:00:00-04:00,69.49008156869698,69.8573890121345,68.31966920372233,69.3808822631836,2485600,0.0,0
2022-07-11 00:00:00-04:00,69.42058582249454,69.65883538958049,68.19954259027188,68.49736022949219,2116900,0.0,0
2022-07-12 00:00:00-04:00,68.38816266381123,69.68861740209022,68.060564767143,68.3385238647461,2430700,0.0,0
2022-07-13 00:00:00-04:00,67.58406478029698,68.4477223122761,67.33588593569291,67.9017333984375,1635500,0.0,0
2022-07-14 00:00:00-04:00,66.82960146121906,68.51721463785798,66.5119328312464,68.48743438720703,2793600,0.0,0
2022-07-15 00:00:00-04:00,69.4205854844101,69.63898407559908,68.75546801038338,69.00364685058594,3010100,0.0,0
2022-07-18 00:00:00-04:00,69.3808825363519,69.97055727368227,68.27896777551865,68.45765686035156,1525900,0.0,0
2022-07-19 00:00:00-04:00,69.29153304180771,71.40601396747086,69.24189424579652,71.31666564941406,2450500,0.0,0
2022-07-20 00:00:00-04:00,71.51521703584682,72.22997332277463,70.58206215304469,72.140625,1942400,0.0,0
2022-07-21 00:00:00-04:00,72.12076905175626,72.5823780371735,71.72368141153113,72.4185791015625,1520900,0.0,0
2022-07-22 00:00:00-04:00,72.54764039070315,72.75610970762955,70.86001973291974,71.37623596191406,3805300,0.0,0
2022-07-25 00:00:00-04:00,71.44573222669634,72.13070831156955,71.18762408874417,71.8626708984375,1620800,0.0,0
2022-07-26 00:00:00-04:00,71.86266395589337,72.25975161273054,71.068488642219,72.19026184082031,1897800,0.0,0
2022-07-27 00:00:00-04:00,72.26968019955251,76.0519232432085,72.26968019955251,75.88316345214844,3786500,0.0,0
2022-07-28 00:00:00-04:00,75.50593032274311,76.92551363683572,75.35702907293619,76.29017639160156,2118300,0.0,0
2022-07-29 00:00:00-04:00,76.52842104730433,77.97779209203743,75.83352334680235,77.60055541992188,2183100,0.0,0
2022-08-01 00:00:00-04:00,76.73689816024203,78.47414999049755,76.73689816024203,77.70975494384766,2425700,0.0,0
2022-08-02 00:00:00-04:00,77.600563744402,78.19619149070115,76.83617619185134,76.89573669433594,2146700,0.0,0
2022-08-03 00:00:00-04:00,77.28288764524733,79.11940950808214,76.89473709882378,78.65283966064453,2483600,0.0,0
2022-08-04 00:00:00-04:00,79.00029460028979,79.22861490456633,78.46422736694576,78.9208755493164,2129600,0.0,0
2022-08-05 00:00:00-04:00,78.33517811262611,79.1343067618491,77.98772165353373,78.7421875,1492700,0.0,0
2022-08-08 00:00:00-04:00,79.21868507662187,79.48175402889296,78.43939991979921,78.70246887207031,1882400,0.0,0
2022-08-09 00:00:00-04:00,78.32524724492441,78.503936321406,77.78918001547966,78.28553771972656,1276600,0.0,0
2022-08-10 00:00:00-04:00,79.41723267256157,79.9582607524272,78.80174639277492,79.31796264648438,1419700,0.0,0
2022-08-11 00:00:00-04:00,80.12205482396472,80.94601038047702,79.51649785581152,80.01285552978516,1665800,0.0,0
2022-08-12 00:00:00-04:00,80.469511529351,81.2636869146933,79.96323210566763,81.15448760986328,1758800,0.0,0
2022-08-15 00:00:00-04:00,80.66805948697777,81.34310629508788,80.41988062478755,80.95594787597656,2015600,0.0,0
2022-08-16 00:00:00-04:00,80.64819630738688,81.16441255244925,80.3156375599993,80.72761535644531,1862100,0.0,0
2022-08-17 00:00:00-04:00,79.93344339838437,80.27097058426702,79.5760728101229,79.99301147460938,1623200,0.0,0
2022-08-18 00:00:00-04:00,80.24208047568744,80.29189096313576,79.71404218146193,80.11256408691406,1183100,0.29,0
2022-08-19 00:00:00-04:00,79.73396608511848,79.9033354271648,78.69781215544229,79.11626434326172,1212500,0.0,0
2022-08-22 00:00:00-04:00,77.7812212060897,77.9854647417788,76.80484285094266,77.04396057128906,2493900,0.0,0
2022-08-23 00:00:00-04:00,76.84469214980984,77.37273805624883,76.27182212455138,76.61554718017578,1680300,0.0,0
2022-08-24 00:00:00-04:00,76.67532185206065,77.37273709279238,76.49598737314942,77.08380889892578,1676800,0.0,0
2022-08-25 00:00:00-04:00,77.42255302913235,77.95059136498257,77.1037369998733,77.89081573486328,1881600,0.0,0
2022-08-26 00:00:00-04:00,78.10003608054012,78.10003608054012,74.8919455910088,74.95172882080078,1482100,0.0,0
2022-08-29 00:00:00-04:00,74.47349784513636,74.52331593433149,73.616678398958,73.79601287841797,1441700,0.0,0
2022-08-30 00:00:00-04:00,73.85579118762244,74.08494376460243,71.96282534820935,72.59049224853516,2247000,0.0,0
2022-08-31 00:00:00-04:00,72.92922867465491,73.21815687091299,71.56430119719649,71.9528579711914,3350600,0.0,0
2022-09-01 00:00:00-04:00,71.87315523970264,72.49086461080262,71.05618870433742,72.45101165771484,1653600,0.0,0
2022-09-02 00:00:00-04:00,73.18827359798011,73.33772027444299,71.18570637619459,71.4547119140625,1565900,0.0,0
2022-09-06 00:00:00-04:00,71.43477813838216,71.88311814581536,70.66762971849515,71.8133773803711,1597300,0.0,0
2022-09-07 00:00:00-04:00,71.94289252078103,73.2380868292575,71.46467230925077,73.13845825195312,1751400,0.0,0
2022-09-08 00:00:00-04:00,72.67020000972116,72.94916308365754,72.15211921426187,72.64031219482422,1883900,0.0,0
2022-09-09 00:00:00-04:00,72.9093068284784,73.26797579334728,72.5008197735881,73.12849426269531,1803300,0.0,0
2022-09-12 00:00:00-04:00,73.7163077042652,73.82590142063836,72.60045546653596,73.52701568603516,1693800,0.0,0
2022-09-13 00:00:00-04:00,72.00266597048292,72.1620777702899,70.49825701596275,70.85692596435547,1756300,0.0,0
2022-09-14 00:00:00-04:00,70.7871871264585,70.91172474800317,69.05361796171204,69.59162139892578,2097200,0.0,0
2022-09-15 00:00:00-04:00,69.64143909384589,70.19936520283275,68.4359158362575,68.6750259399414,2129100,0.0,0
2022-09-16 00:00:00-04:00,67.91783609317737,68.04736008553967,66.77208844407258,67.54920959472656,3782500,0.0,0
2022-09-19 00:00:00-04:00,67.2004994934957,68.09717191485075,67.1506890041375,67.99754333496094,2338000,0.0,0
2022-09-20 00:00:00-04:00,67.57909533445614,67.75842980969327,66.64257000808749,67.369873046875,1842500,0.0,0
2022-09-21 00:00:00-04:00,67.67872345661341,68.58535336340043,66.77208594865343,66.78205108642578,1579600,0.0,0
2022-09-22 00:00:00-04:00,66.33371829661716,66.86673534600033,65.11325116742833,65.20789337158203,1981000,0.0,0
2022-09-23 00:00:00-04:00,64.74959584618212,65.68612116047836,64.51546451760805,65.53667449951172,2551600,0.0,0
2022-09-26 00:00:00-04:00,65.23779043038054,66.33371996992678,64.61011595866434,65.1281967163086,2415500,0.0,0
2022-09-27 00:00:00-04:00,65.69609287180552,66.00494376118037,64.37101066711071,64.88908386230469,1890500,0.0,0
2022-09-28 00:00:00-04:00,65.48686516105919,65.98501563889688,64.65494717403794,65.5267105102539,2264400,0.0,0
2022-09-29 00:00:00-04:00,64.97875150007216,65.11823302996886,63.63872545818949,64.26141357421875,1910800,0.0,0
2022-09-30 00:00:00-04:00,64.29130226408977,64.6798590456954,63.50422736314438,63.564002990722656,2625600,0.0,0
2022-10-03 00:00:00-04:00,64.48059910700528,65.76582825275474,63.87285491557709,65.19793701171875,1905500,0.0,0
2022-10-04 00:00:00-04:00,66.2141651376126,67.23039643866868,66.03981701913067,66.80198669433594,2424900,0.0,0
2022-10-05 00:00:00-04:00,66.17431394982802,67.62891257141496,66.0896292726765,67.18058013916016,1452500,0.0,0
2022-10-06 00:00:00-04:00,66.97135444685928,67.35991122882733,66.45327367011963,66.55290985107422,1670000,0.0,0
2022-10-07 00:00:00-04:00,65.92523808836957,66.26398439507241,64.63005129519067,65.01860809326172,1446600,0.0,0
2022-10-10 00:00:00-04:00,65.55660996564983,65.74590199010082,64.23152778862517,64.76953125,841300,0.0,0
2022-10-11 00:00:00-04:00,64.7296778559361,65.32745694188657,64.24149248921348,64.51049041748047,1449200,0.0,0
2022-10-12 00:00:00-04:00,64.8293032012451,65.098301116087,64.32617395257179,64.34111785888672,1637600,0.0,0
2022-10-13 00:00:00-04:00,62.946298564425334,65.30753471137483,62.25885223083757,64.76953125,1946400,0.0,0
2022-10-14 00:00:00-04:00,65.18797584393783,65.85549570102143,63.5938957370317,63.8828239440918,1632800,0.0,0
2022-10-17 00:00:00-04:00,64.78945043612994,65.48686567123983,64.57026300798607,65.1281967163086,1688600,0.0,0
2022-10-18 00:00:00-04:00,66.67246388375666,66.75216979137134,65.75586874970908,66.46324157714844,1637200,0.0,0
2022-10-19 00:00:00-04:00,66.22412780589435,66.70234802288044,65.41712643899703,66.03482818603516,1552300,0.0,0
2022-10-20 00:00:00-04:00,66.19424155727748,66.45826071691538,64.43078451237415,64.51049041748047,1923200,0.0,0
2022-10-21 00:00:00-04:00,64.78945394292892,66.69239253465557,64.06215845691109,66.5429458618164,2351000,0.0,0
2022-10-24 00:00:00-04:00,66.92153447164065,67.63887238774,66.54294283866521,66.83187103271484,2518300,0.0,0
2022-10-25 00:00:00-04:00,66.7322436683439,68.6551048834835,66.7322436683439,68.59532165527344,2567100,0.0,0
2022-10-26 00:00:00-04:00,68.43591539654156,68.89421292614655,66.53297691377324,68.08720397949219,3656700,0.0,0
2022-10-27 00:00:00-04:00,68.2565860449639,71.25544668785484,68.1469923230059,69.75103759765625,3016900,0.0,0
2022-10-28 00:00:00-04:00,69.8606277060921,71.60415442738307,69.59162218386446,71.42481994628906,1918400,0.0,0
2022-10-31 00:00:00-04:00,70.41855320748303,71.25544237780623,69.98017834616714,70.37870025634766,2551900,0.0,0
2022-11-01 00:00:00-04:00,71.00636569646655,71.75359141248643,70.46836986996452,71.2454833984375,1885200,0.0,0
2022-11-02 00:00:00-04:00,70.94659552591747,72.3015655365638,69.9403293559874,69.9502944946289,1782900,0.0,0
2022-11-03 00:00:00-04:00,69.213033859804,70.82703666574034,68.86433001908773,69.9502944946289,2035000,0.0,0
2022-11-04 00:00:00-04:00,71.0262965525285,73.59675486092003,71.0262965525285,72.94915771484375,2299000,0.0,0
2022-11-07 00:00:00-05:00,72.81963459665951,73.49711956354336,72.421120287694,73.46723175048828,1777400,0.0,0
2022-11-08 00:00:00-05:00,73.66649493625577,73.92552771132853,72.33144770591791,72.8893814086914,1528100,0.0,0
2022-11-09 00:00:00-05:00,72.69011923112076,73.61667945475696,72.27167464010397,72.34141540527344,1743200,0.0,0
2022-11-10 00:00:00-05:00,74.24434379173103,75.82846626214338,74.24434379173103,75.32035064697266,2643400,0.0,0
2022-11-11 00:00:00-05:00,75.38013514985575,77.74136358748481,75.33529582924805,77.08380889892578,2984500,0.0,0
2022-11-14 00:00:00-05:00,76.47606419120423,79.26570233211646,76.43621124046895,77.4823226928711,4193900,0.0,0
2022-11-15 00:00:00-05:00,78.1797436390629,79.18600981539846,77.90078056471413,78.41885375976562,2349100,0.0,0
2022-11-16 00:00:00-05:00,78.15981110008761,79.45500545200026,78.04025984378234,78.11000061035156,2169600,0.0,0
2022-11-17 00:00:00-05:00,77.0,77.41000366210938,75.70999908447266,77.3499984741211,3420800,0.29,0
2022-11-18 00:00:00-05:00,78.18000030517578,78.76000213623047,77.41999816894531,77.76000213623047,3697600,0.0,0
2022-11-21 00:00:00-05:00,77.47000122070312,78.5199966430664,76.80500030517578,78.19000244140625,2068800,0.0,0
2022-11-22 00:00:00-05:00,78.55999755859375,78.58999633789062,77.5999984741211,78.25,1916300,0.0,0
2022-11-23 00:00:00-05:00,77.97000122070312,78.52999877929688,77.51000213623047,78.0999984741211,1898000,0.0,0
2022-11-25 00:00:00-05:00,78.54000091552734,79.01799774169922,78.22000122070312,78.66999816894531,971100,0.0,0
2022-11-28 00:00:00-05:00,78.0199966430664,78.36000061035156,76.19499969482422,76.33999633789062,2065800,0.0,0
2022-11-29 00:00:00-05:00,76.45999908447266,77.62000274658203,76.13999938964844,76.87999725341797,1869000,0.0,0
2022-11-30 00:00:00-05:00,76.80999755859375,78.16500091552734,75.5199966430664,78.08999633789062,3462100,0.0,0
2022-12-01 00:00:00-05:00,77.62000274658203,78.91000366210938,77.33999633789062,78.83000183105469,1776700,0.0,0
2022-12-02 00:00:00-05:00,78.06999969482422,80.16000366210938,77.5199966430664,79.75,1998300,0.0,0
2022-12-05 00:00:00-05:00,78.81999969482422,79.26000213623047,77.83999633789062,78.4800033569336,2100200,0.0,0
2022-12-06 00:00:00-05:00,78.47000122070312,79.22000122070312,78.25,79.19000244140625,2674000,0.0,0
2022-12-07 00:00:00-05:00,78.97000122070312,79.48999786376953,78.36000061035156,79.0,2151300,0.0,0
2022-12-08 00:00:00-05:00,79.87999725341797,80.0,79.05500030517578,79.73999786376953,2376700,0.0,0
2022-12-09 00:00:00-05:00,79.87000274658203,80.0,78.3550033569336,78.45999908447266,1417200,0.0,0
